-- passwords are the same as usernames, in hebrew
begin;

insert into users (name, password_hash) values ('אלי', '0b8c6b5219b0759f75ea34e0292ae2e0904e2924');
insert into users (name, password_hash) values ('גברי', '0a3c5c5ce69f4f0b47b12517eb929aeaa99d739f');

insert into conversations (id, talker_name, listener_name, title, status)
values (1, 'גברי', null, 'שיתוף שקר כלשהו', 'pending');
insert into messages (conversation_id, author, text)
values (1, 'גברי', 'סיפור כזה או אחר על החיים הקשים במדינת ישראל.');

insert into conversations (id, talker_name, listener_name, title, status)
values (2, 'אלי', 'גברי', 'שיתוף לדוגמא', 'active');
insert into messages (conversation_id, author, text)
values (2, 'אלי', 'עוד סיפור על חיים קשים.');

-- a real conversation about relationships
insert into conversations (id, talker_name, listener_name, title, status)
values (3, 'ענת', 'אלון', 'אני מפחדת להרוס את היחסים', 'active');

insert into messages (conversation_id, author, text) values (3, 'ענת', 'אני בטיפול ממושך להבראת דפוסים לא בריאים');
insert into messages (conversation_id, author, text) values (3, 'ענת', 'אחרי שבמשך שנים החרבתי מערכות יחסים בזו אחר זו');
insert into messages (conversation_id, author, text) values (3, 'ענת', 'ולא תכננתי להכנס למערכת היחסים הזו');
insert into messages (conversation_id, author, text) values (3, 'ענת', 'ואני מאד חרדה להחריב גם אותה');
insert into messages (conversation_id, author, text) values (3, 'ענת', 'ואני סובלת, ליטרלי');
insert into messages (conversation_id, author, text) values (3, 'ענת', 'כאב');
insert into messages (conversation_id, author, text) values (3, 'ענת', 'אמיתי');
insert into messages (conversation_id, author, text) values (3, 'אלון', 'מה יחריב את היחסים?');
insert into messages (conversation_id, author, text) values (3, 'ענת', 'שאני אחזור על השגיאות');
insert into messages (conversation_id, author, text) values (3, 'ענת', 'שאני לא אצליח בחיים האישיים שלי');
insert into messages (conversation_id, author, text) values (3, 'ענת', 'וזה יהפוך אותי לבן אדם שלא ראוי לחיות איתו');
insert into messages (conversation_id, author, text) values (3, 'אלון', 'מה יהפוך אותך לאדם שלא ראוי לחיות איתו?');
insert into messages (conversation_id, author, text) values (3, 'ענת', 'שאני אתקע, שאני לא אתקדם, שאני לא אוכל לתרום במידה שווה');
insert into messages (conversation_id, author, text) values (3, 'ענת', 'הקטע הכלכלי מפריע לי באופן מיוחד');
insert into messages (conversation_id, author, text) values (3, 'אלון', 'מה קורה בתחום הכלכלי?');
insert into messages (conversation_id, author, text) values (3, 'ענת', 'דווקא עשיתי קפיצה לא רעה בשנה פלוס האחרונות');
insert into messages (conversation_id, author, text) values (3, 'ענת', 'אבל');
insert into messages (conversation_id, author, text) values (3, 'ענת', 'אני לא יכולה להגיע לרמות שכר, זה נורא מפגר');
insert into messages (conversation_id, author, text) values (3, 'ענת', 'כשאני קוראת את המשפטים של עצמי');
insert into messages (conversation_id, author, text) values (3, 'ענת', 'אבל אלהים כמה שזה כואב');
insert into messages (conversation_id, author, text) values (3, 'אלון', 'מה זה אומר בשבילך שאת לא יכולה להגיע לרמות השכר של חבר שלך?');
insert into messages (conversation_id, author, text) values (3, 'ענת', 'שאני לא יכולה לתרום באותה המידה');
insert into messages (conversation_id, author, text) values (3, 'ענת', 'ליחסים');
insert into messages (conversation_id, author, text) values (3, 'ענת', 'לחיים משותפים');
insert into messages (conversation_id, author, text) values (3, 'אלון', 'הוא יודע שאת מקנאה?');
insert into messages (conversation_id, author, text) values (3, 'ענת', 'ברור');
insert into messages (conversation_id, author, text) values (3, 'אלון', 'מגניב!');
insert into messages (conversation_id, author, text) values (3, 'ענת', 'אבל זה לא יוצא עליו בלייב');
insert into messages (conversation_id, author, text) values (3, 'אלון', 'למה לא?');
insert into messages (conversation_id, author, text) values (3, 'ענת', 'למדתי להוציא את זה על אנשים אחרים');
insert into messages (conversation_id, author, text) values (3, 'ענת', 'כשאני מרגישה שהמפלצת מרימה את ראשה');
insert into messages (conversation_id, author, text) values (3, 'ענת', 'אני פשוט תופסת ממנו מרחק');
insert into messages (conversation_id, author, text) values (3, 'אלון', 'למה את קוראת לזה "להוציא"?');
insert into messages (conversation_id, author, text) values (3, 'ענת', 'להגיד מה שאני באמת חושבת ומרגישה');
insert into messages (conversation_id, author, text) values (3, 'ענת', 'הוא אף פעם לא רואה אותי מתפרקת, רק אנשים אחרים');
insert into messages (conversation_id, author, text) values (3, 'ענת', 'כי ההתפרקויות החריבו יחסים');
insert into messages (conversation_id, author, text) values (3, 'ענת', 'בעבר');
insert into messages (conversation_id, author, text) values (3, 'ענת', 'אחד הדפוסים');
insert into messages (conversation_id, author, text) values (3, 'אלון', 'אז את מתרחקת');
insert into messages (conversation_id, author, text) values (3, 'ענת', 'נכון');
insert into messages (conversation_id, author, text) values (3, 'אלון', 'בנסיון לשמור על היחסים');
insert into messages (conversation_id, author, text) values (3, 'אלון', 'נכון?');
insert into messages (conversation_id, author, text) values (3, 'ענת', 'אמת');
insert into messages (conversation_id, author, text) values (3, 'אלון', 'תקראי את זה רגע שוב');
insert into messages (conversation_id, author, text) values (3, 'ענת', 'קראתי');
insert into messages (conversation_id, author, text) values (3, 'אלון', 'להתרחק בשביל לשמור על היחסים');
insert into messages (conversation_id, author, text) values (3, 'ענת', 'נכון');
insert into messages (conversation_id, author, text) values (3, 'ענת', 'כי יש לי הרגשה שאם אני אוציא את הדברים החוצה כמו שהם היחסים לא יחזיקו מעמד');
insert into messages (conversation_id, author, text) values (3, 'ענת', 'כמו שהיחסים הקודמים לא החזיקו מעמד');
insert into messages (conversation_id, author, text) values (3, 'אלון', 'סיפרת בשיחה קודמת שהוא התאהב בך כשסיפרת לו את הדברים הכי רעים עלייך');
insert into messages (conversation_id, author, text) values (3, 'ענת', 'נכון');
insert into messages (conversation_id, author, text) values (3, 'ענת', 'לא מדויק -');
insert into messages (conversation_id, author, text) values (3, 'ענת', 'מה שקרה הוא');
insert into messages (conversation_id, author, text) values (3, 'ענת', 'שסיפרתי דברים רעים כי לא רציתי לעמוד בפני הדילמה הזאת');
insert into messages (conversation_id, author, text) values (3, 'ענת', 'וזה דווקא מה שקרב בינינו');
insert into messages (conversation_id, author, text) values (3, 'אלון', 'אני רוצה להגיד לך שאת תותחית על חלל');
insert into messages (conversation_id, author, text) values (3, 'אלון', 'רק על הקטע הזה שנכנסת בעובי הקורה');
insert into messages (conversation_id, author, text) values (3, 'אלון', 'בשתי דקות של שיחה');
insert into messages (conversation_id, author, text) values (3, 'ענת', 'תודה');
insert into messages (conversation_id, author, text) values (3, 'אלון', 'בבקשה');
insert into messages (conversation_id, author, text) values (3, 'אלון', 'אוקיי');
insert into messages (conversation_id, author, text) values (3, 'אלון', 'אז כשהכרתם, דברים שסיפרת לו שחשבת שירחיקו אותו ממך, גרמו לו להתקרב');
insert into messages (conversation_id, author, text) values (3, 'ענת', 'נכון');
insert into messages (conversation_id, author, text) values (3, 'אלון', 'ומה קורה עכשיו?');
insert into messages (conversation_id, author, text) values (3, 'אלון', 'מה שונה עכשיו?');
insert into messages (conversation_id, author, text) values (3, 'ענת', 'זה נעצר');
insert into messages (conversation_id, author, text) values (3, 'ענת', 'אני לא יכולה להוציא את מה שנראה בעיני מפלצת');
insert into messages (conversation_id, author, text) values (3, 'אלון', 'אז מה מפלצתי בך?');
insert into messages (conversation_id, author, text) values (3, 'ענת', 'אני קנאית');
insert into messages (conversation_id, author, text) values (3, 'ענת', 'יש לי מצבי רוח רעים');
insert into messages (conversation_id, author, text) values (3, 'ענת', 'אני לא רוצה להרגיש שאני תופסת את כל המקום');
insert into messages (conversation_id, author, text) values (3, 'ענת', 'ולא נותנת מקום');
insert into messages (conversation_id, author, text) values (3, 'ענת', 'יש לי חרדות המוות מלא להצליח');
insert into messages (conversation_id, author, text) values (3, 'ענת', 'יש לי היסטוריה לא מפוארת ודפוסי התנהגות שממש פחיד אותי שהם יחזרו');
insert into messages (conversation_id, author, text) values (3, 'ענת', 'נראה לי שסיכמתי');
insert into messages (conversation_id, author, text) values (3, 'אלון', 'מה הכי נורא מכל אלה?');
insert into messages (conversation_id, author, text) values (3, 'ענת', 'שאלה טובה');
insert into messages (conversation_id, author, text) values (3, 'ענת', 'קשה לי להגיד');
insert into messages (conversation_id, author, text) values (3, 'ענת', 'אולי הקנאה,');
insert into messages (conversation_id, author, text) values (3, 'ענת', 'היא לא הכי נוראה');
insert into messages (conversation_id, author, text) values (3, 'ענת', 'אבל היא הכי מכאיבה');
insert into messages (conversation_id, author, text) values (3, 'ענת', 'וכשהיא מכאיבה');
insert into messages (conversation_id, author, text) values (3, 'ענת', 'אני יודעת שהיא לא הגיונית');
insert into messages (conversation_id, author, text) values (3, 'ענת', 'אבל היא ממש מכאיבה לי');
insert into messages (conversation_id, author, text) values (3, 'אלון', 'מה את הכי מפחדת שהוא ידע?');
insert into messages (conversation_id, author, text) values (3, 'ענת', 'איך הקנאה שלי נראית');
insert into messages (conversation_id, author, text) values (3, 'אלון', 'ואיך היא נראית?');
insert into messages (conversation_id, author, text) values (3, 'ענת', 'רע');
insert into messages (conversation_id, author, text) values (3, 'אלון', 'ספרי לי');
insert into messages (conversation_id, author, text) values (3, 'ענת', 'אני שונאת אותן');
insert into messages (conversation_id, author, text) values (3, 'אלון', 'אותן?');
insert into messages (conversation_id, author, text) values (3, 'ענת', 'כן');
insert into messages (conversation_id, author, text) values (3, 'אלון', 'נשים אחרות?');
insert into messages (conversation_id, author, text) values (3, 'ענת', 'כן');
insert into messages (conversation_id, author, text) values (3, 'אלון', 'יש מישהי ספציפית?');
insert into messages (conversation_id, author, text) values (3, 'ענת', 'לא');
insert into messages (conversation_id, author, text) values (3, 'ענת', 'יש הרבה');
insert into messages (conversation_id, author, text) values (3, 'אלון', 'הרבה ספציפיות, או כל בחורה שמסתכלת עליו?');
insert into messages (conversation_id, author, text) values (3, 'ענת', 'הרבה ספציפיות');
insert into messages (conversation_id, author, text) values (3, 'אלון', 'הקנאה זה מה שהרס את היחסים הקודמים שלך?');
insert into messages (conversation_id, author, text) values (3, 'ענת', 'ממש לא');
insert into messages (conversation_id, author, text) values (3, 'ענת', 'אבל הכעס');
insert into messages (conversation_id, author, text) values (3, 'ענת', 'והדרך שביטאתי אותו');
insert into messages (conversation_id, author, text) values (3, 'ענת', 'כן');
insert into messages (conversation_id, author, text) values (3, 'אלון', 'ועל מה כעסת?');
insert into messages (conversation_id, author, text) values (3, 'ענת', 'וואו');
insert into messages (conversation_id, author, text) values (3, 'ענת', 'על מיליון דברים');
insert into messages (conversation_id, author, text) values (3, 'אלון', 'מה הדבר הראשון שקופץ לך לראש?');
insert into messages (conversation_id, author, text) values (3, 'ענת', '*****');
insert into messages (conversation_id, author, text) values (3, 'ענת', 'שתמות');
insert into messages (conversation_id, author, text) values (3, 'ענת', 'זה פשוט גם גילוי של קנאה');
insert into messages (conversation_id, author, text) values (3, 'אלון', 'על מה כעסת עליה?');
insert into messages (conversation_id, author, text) values (3, 'ענת', 'שהיא באה ונכנסה לי לחיים');
insert into messages (conversation_id, author, text) values (3, 'ענת', 'ודרסה אותי בניסיון להשיג את מה שהיא רצתה');
insert into messages (conversation_id, author, text) values (3, 'ענת', 'שהיא נכנסה לטריטוריה שלי, לבית שלי');
insert into messages (conversation_id, author, text) values (3, 'ענת', 'ודרכה עלי');
insert into messages (conversation_id, author, text) values (3, 'אלון', 'אני רוצה לשמוע יותר על *****');
insert into messages (conversation_id, author, text) values (3, 'אלון', 'מה בדיוק היא עשתה');
insert into messages (conversation_id, author, text) values (3, 'אלון', 'ומה בדיוק הרגשת');
insert into messages (conversation_id, author, text) values (3, 'ענת', 'טוב');
insert into messages (conversation_id, author, text) values (3, 'ענת', 'זה נחלק לשני חלקים');
insert into messages (conversation_id, author, text) values (3, 'ענת', 'החלק הראשון הוא כשעוד הייתי עם *****');
insert into messages (conversation_id, author, text) values (3, 'ענת', 'נכנסתי הביתה ותפסתי אותם על חם כמו בסרטים');
insert into messages (conversation_id, author, text) values (3, 'ענת', 'הפרעתי להם באמצע');
insert into messages (conversation_id, author, text) values (3, 'ענת', 'והחלק השני היה');
insert into messages (conversation_id, author, text) values (3, 'ענת', 'שהוא הלך אליה וגר אצלה');
insert into messages (conversation_id, author, text) values (3, 'ענת', 'שזה כבר לא כעס עליה אלא עליו');
insert into messages (conversation_id, author, text) values (3, 'ענת', 'זה כבר לא מזיז לי היום');
insert into messages (conversation_id, author, text) values (3, 'אלון', 'ובפעם הראשונה לא כעסת עליו?');
insert into messages (conversation_id, author, text) values (3, 'ענת', 'לא');
insert into messages (conversation_id, author, text) values (3, 'אלון', 'רק עליה?');
insert into messages (conversation_id, author, text) values (3, 'ענת', 'כן');
insert into messages (conversation_id, author, text) values (3, 'ענת', 'רק עליה');
insert into messages (conversation_id, author, text) values (3, 'אלון', 'לא ראית בו אחראי?');
insert into messages (conversation_id, author, text) values (3, 'ענת', 'לא');
insert into messages (conversation_id, author, text) values (3, 'ענת', 'ממש ככה');
insert into messages (conversation_id, author, text) values (3, 'אלון', 'לא ראית אותו ממטר');
insert into messages (conversation_id, author, text) values (3, 'ענת', 'דווקא ראיתי');
insert into messages (conversation_id, author, text) values (3, 'ענת', 'אחרי זה, בפעם השניה');
insert into messages (conversation_id, author, text) values (3, 'ענת', 'ראיתי אותו גם');
insert into messages (conversation_id, author, text) values (3, 'אלון', 'ומה קורה לך במערכת היחסים הנוכחית?');
insert into messages (conversation_id, author, text) values (3, 'אלון', 'תפסת את ***** עם מישהי?');
insert into messages (conversation_id, author, text) values (3, 'ענת', 'ממש לא');
insert into messages (conversation_id, author, text) values (3, 'ענת', 'אני מרגישה בעיקר כאב');
insert into messages (conversation_id, author, text) values (3, 'ענת', 'בכל מיני סיטואציות');
insert into messages (conversation_id, author, text) values (3, 'ענת', 'כאב פיזי ממש');
insert into messages (conversation_id, author, text) values (3, 'אלון', 'איפה?');
insert into messages (conversation_id, author, text) values (3, 'ענת', 'איפה בגוף?');
insert into messages (conversation_id, author, text) values (3, 'אלון', 'כן');
insert into messages (conversation_id, author, text) values (3, 'ענת', 'בבטן, בחזה');
insert into messages (conversation_id, author, text) values (3, 'ענת', 'כשאני רואה כל מיני דברים או עדה לכל מיני דברים');
insert into messages (conversation_id, author, text) values (3, 'אלון', 'מה את רואה שמקפיץ לך את הכאב?');
insert into messages (conversation_id, author, text) values (3, 'ענת', 'אז הדוגמה העיקרית היא *****');
insert into messages (conversation_id, author, text) values (3, 'ענת', 'ואיך שהיא מתנהגת');
insert into messages (conversation_id, author, text) values (3, 'ענת', 'מהיום שהכרנו בערך');
insert into messages (conversation_id, author, text) values (3, 'ענת', 'מה שמקפיץ לי...');
insert into messages (conversation_id, author, text) values (3, 'ענת', 'שהיא מזמינה אותו לארוחות ערב לבד');
insert into messages (conversation_id, author, text) values (3, 'ענת', 'שהיא אומרת לי שהיא פספסה הזדמנות לאהבה אמיתית שהיתה "כמעט"');
insert into messages (conversation_id, author, text) values (3, 'ענת', 'שהיא מסרבת פאקינג ללכת');
insert into messages (conversation_id, author, text) values (3, 'ענת', 'וחייבת להשאר בתמונה כל הזמן');
insert into messages (conversation_id, author, text) values (3, 'ענת', 'אבל זה לא רק היא');
insert into messages (conversation_id, author, text) values (3, 'ענת', 'זה גם כל מיני אקסיות שעושות "לייקים" לתמונות');
insert into messages (conversation_id, author, text) values (3, 'ענת', 'כוס אמא של העידן המודרני');
insert into messages (conversation_id, author, text) values (3, 'אלון', '');
insert into messages (conversation_id, author, text) values (3, 'אלון', 'אז את רוצה את ***** רק לעצמך?');
insert into messages (conversation_id, author, text) values (3, 'ענת', 'כן ולא');
insert into messages (conversation_id, author, text) values (3, 'ענת', 'בן אדם "טוב" תמיד ימשוך תשומת לב חיובית');
insert into messages (conversation_id, author, text) values (3, 'ענת', 'זה בא עם החבילה');
insert into messages (conversation_id, author, text) values (3, 'ענת', 'זה החלק ההגיוני');
insert into messages (conversation_id, author, text) values (3, 'ענת', 'אני פשוט לא יודעת להתמודד עם זה');
insert into messages (conversation_id, author, text) values (3, 'אלון', 'את רוצה שזה לא יגרום לך כאב?');
insert into messages (conversation_id, author, text) values (3, 'ענת', 'בדיוק');
insert into messages (conversation_id, author, text) values (3, 'אלון', 'למה?');
insert into messages (conversation_id, author, text) values (3, 'ענת', 'כי אני סובלת');
insert into messages (conversation_id, author, text) values (3, 'ענת', 'ואני רוצה להפסיק לסבול');
insert into messages (conversation_id, author, text) values (3, 'אלון', 'האם את סובלת בגלל שכואב, או שאת סובלת בגלל שאת לא רוצה שיכאב?');
insert into messages (conversation_id, author, text) values (3, 'אלון', 'את מבינה את הכוונה שלי?');
insert into messages (conversation_id, author, text) values (3, 'ענת', 'לא');
insert into messages (conversation_id, author, text) values (3, 'אלון', 'אוקיי');
insert into messages (conversation_id, author, text) values (3, 'אלון', 'נניח שיש חייל');
insert into messages (conversation_id, author, text) values (3, 'אלון', 'והוא נפצע');
insert into messages (conversation_id, author, text) values (3, 'אלון', 'והוא שוכב בבית החולים');
insert into messages (conversation_id, author, text) values (3, 'אלון', 'וכואב לו נורא');
insert into messages (conversation_id, author, text) values (3, 'אלון', 'בפצעים');
insert into messages (conversation_id, author, text) values (3, 'אלון', 'אבל בנוסף לכל זה');
insert into messages (conversation_id, author, text) values (3, 'אלון', 'הוא חושב שהוא בכלל לא היה אמור להפצע');
insert into messages (conversation_id, author, text) values (3, 'אלון', 'אם הוא רק היה מתקופף');
insert into messages (conversation_id, author, text) values (3, 'ענת', 'כן, מבינה');
insert into messages (conversation_id, author, text) values (3, 'אלון', 'אז השאלה היא האם הבעיה היא הכאב, או המחשבה שמתלווה אליו?');
insert into messages (conversation_id, author, text) values (3, 'ענת', 'לא. זה הכאב.');
insert into messages (conversation_id, author, text) values (3, 'ענת', 'יש עוד משהו');
insert into messages (conversation_id, author, text) values (3, 'ענת', 'עכשיו כשאני חושבת על זה');
insert into messages (conversation_id, author, text) values (3, 'ענת', 'תמיד חשבתי על שני הדברים אבל אף פעם לא קישרתי');
insert into messages (conversation_id, author, text) values (3, 'ענת', 'מאד מפריע לי שבעולם "הוירטואלי"');
insert into messages (conversation_id, author, text) values (3, 'ענת', 'אף אחד לא יודע מי אני');
insert into messages (conversation_id, author, text) values (3, 'ענת', 'ואני מרגישה שזה לא לגיטימי לבוא ולדרוש שזה יהיה אחרת');
insert into messages (conversation_id, author, text) values (3, 'ענת', 'ואני מרגישה שזה לא לגיטימי שאני אגיד את זה אפילו');
insert into messages (conversation_id, author, text) values (3, 'ענת', 'אבל');
insert into messages (conversation_id, author, text) values (3, 'ענת', 'מי שמכיר את ***** בעולם הוירטואלי לא מכיר אותי');
insert into messages (conversation_id, author, text) values (3, 'ענת', 'וזה הולך ביחד');
insert into messages (conversation_id, author, text) values (3, 'אלון', 'אני לא בטוח שהבנתי מה הבנת');
insert into messages (conversation_id, author, text) values (3, 'אלון', 'מה הבנת?');
insert into messages (conversation_id, author, text) values (3, 'ענת', 'שזה לא רק הן');
insert into messages (conversation_id, author, text) values (3, 'ענת', 'זה גם דברים בדרך שלו שמפריעים לי');
insert into messages (conversation_id, author, text) values (3, 'ענת', 'ואני לא מסוגלת אפילו להגיד את זה');
insert into messages (conversation_id, author, text) values (3, 'ענת', 'כי רק מלקרוא את השורות שאני כותבת עכשיו');
insert into messages (conversation_id, author, text) values (3, 'ענת', 'זה נראה לי לא לגיטימי');
insert into messages (conversation_id, author, text) values (3, 'אלון', 'זה נורא כיף לראות אותך עובדת');
insert into messages (conversation_id, author, text) values (3, 'אלון', 'ומתעמקת');
insert into messages (conversation_id, author, text) values (3, 'אלון', 'ומחפשת');
insert into messages (conversation_id, author, text) values (3, 'ענת', 'כן. ועכשיו כואבת לי הבטן. והחזה. והלב.');
insert into messages (conversation_id, author, text) values (3, 'ענת', 'מהדברים הדבילים האלה');
insert into messages (conversation_id, author, text) values (3, 'אלון', 'או');
insert into messages (conversation_id, author, text) values (3, 'אלון', 'רגע');
insert into messages (conversation_id, author, text) values (3, 'אלון', 'עצרי');
insert into messages (conversation_id, author, text) values (3, 'אלון', 'למה אלה דברים דביליים?');
insert into messages (conversation_id, author, text) values (3, 'אלון', 'אלה הרגשות שלך');
insert into messages (conversation_id, author, text) values (3, 'ענת', 'נכון');
insert into messages (conversation_id, author, text) values (3, 'אלון', 'אוקיי');
insert into messages (conversation_id, author, text) values (3, 'אלון', 'אז הרגשות שלך דביליות?');
insert into messages (conversation_id, author, text) values (3, 'אלון', 'בואי נסתכל על משהו רגע');
insert into messages (conversation_id, author, text) values (3, 'אלון', 'מה הדבר שהכי מפחיד אותך להגיד ל*****?');
insert into messages (conversation_id, author, text) values (3, 'ענת', 'קשה לי להצביע על משפט אחד');
insert into messages (conversation_id, author, text) values (3, 'ענת', 'בערך כל מה שאמרתי לך עכשיו');
insert into messages (conversation_id, author, text) values (3, 'אלון', 'ובכל זאת');
insert into messages (conversation_id, author, text) values (3, 'אלון', 'מה הדבר שהחשיפה שלו מעוררת הכי הרבה כאב?');
insert into messages (conversation_id, author, text) values (3, 'ענת', 'אולי זה הדבר שהכי מפחיד אותי להגיד');
insert into messages (conversation_id, author, text) values (3, 'ענת', 'שההתנהגות החשאית הזאת של *****');
insert into messages (conversation_id, author, text) values (3, 'ענת', 'מזמינה את זה');
insert into messages (conversation_id, author, text) values (3, 'ענת', 'מזמינה אותן');
insert into messages (conversation_id, author, text) values (3, 'ענת', 'ודבר שני');
insert into messages (conversation_id, author, text) values (3, 'ענת', 'אני רוצה שיתגאו בי');
insert into messages (conversation_id, author, text) values (3, 'אלון', 'למה חשוב לך ש***** יתגאה בך?');
insert into messages (conversation_id, author, text) values (3, 'ענת', 'אררר');
insert into messages (conversation_id, author, text) values (3, 'ענת', 'שאלה קשה');
insert into messages (conversation_id, author, text) values (3, 'ענת', 'אני מניחה שזה חוזר למה שדיברנו עליו בהתחלה');
insert into messages (conversation_id, author, text) values (3, 'ענת', 'להרגיש בן אדם ראוי');
insert into messages (conversation_id, author, text) values (3, 'ענת', 'ופה יש גם חלק שהוא שלי');
insert into messages (conversation_id, author, text) values (3, 'אלון', 'אם ***** יתגאה בך, את תרגישי ראויה?');
insert into messages (conversation_id, author, text) values (3, 'אלון', 'או שאם תרגישי ראויה, אז ***** יתגאה בך?');
insert into messages (conversation_id, author, text) values (3, 'ענת', 'שניהם');
insert into messages (conversation_id, author, text) values (3, 'ענת', 'אבל ברור שאני צריכה ללמוד להרגיש ראויה ללא קשר');
insert into messages (conversation_id, author, text) values (3, 'אלון', 'איך יראו החיים שלך כשתרגישי לגמרי ראויה?');
insert into messages (conversation_id, author, text) values (3, 'אלון', 'מה יקרה?');
insert into messages (conversation_id, author, text) values (3, 'ענת', 'קלילים ונעימים');
insert into messages (conversation_id, author, text) values (3, 'אלון', '');
insert into messages (conversation_id, author, text) values (3, 'ענת', 'ואני לא אתעצבן מאיזה סתומה שעושה לייק');
insert into messages (conversation_id, author, text) values (3, 'ענת', 'אני לא אפחד ואני לא אתרגש מהשטויות האלה');
insert into messages (conversation_id, author, text) values (3, 'אלון', 'אהו!');
insert into messages (conversation_id, author, text) values (3, 'אלון', 'נכון');
insert into messages (conversation_id, author, text) values (3, 'אלון', 'הפאקצות ימשיכו להציק');
insert into messages (conversation_id, author, text) values (3, 'אלון', '***** ימשיך להסתיר');
insert into messages (conversation_id, author, text) values (3, 'אלון', 'ואת?');
insert into messages (conversation_id, author, text) values (3, 'ענת', 'זה לא יזיז לי');
insert into messages (conversation_id, author, text) values (3, 'ענת', 'כי אני ארגיש כזה בן אדם נפלא');
insert into messages (conversation_id, author, text) values (3, 'ענת', 'שאני לא אצטרך את החיזוקים האלה מבחוץ');
insert into messages (conversation_id, author, text) values (3, 'אלון', 'מה שלום הכאב?');
insert into messages (conversation_id, author, text) values (3, 'ענת', 'וואללה');
insert into messages (conversation_id, author, text) values (3, 'ענת', 'יש עוד עבודה');
insert into messages (conversation_id, author, text) values (3, 'ענת', 'אני יודעת שזה הכיוון');
insert into messages (conversation_id, author, text) values (3, 'אלון', 'מה את יכולה לעשות בכדי להרגיש יותר ראויה?');
insert into messages (conversation_id, author, text) values (3, 'אלון', 'משהו שלא תלוי באף אחד אחר..');
insert into messages (conversation_id, author, text) values (3, 'ענת', 'לא יודעת, זה מעסיק אותי המון');
insert into messages (conversation_id, author, text) values (3, 'ענת', 'לא משהו חיצוני כנראה כי דברים דווקא מסתדרים לי מצויין חיצונית');
insert into messages (conversation_id, author, text) values (3, 'ענת', 'וזה לא עוזר');
insert into messages (conversation_id, author, text) values (3, 'אלון', 'מה קרה בשיחה הזאת עכשיו?');
insert into messages (conversation_id, author, text) values (3, 'אלון', 'מה שיפר את ההרגשה שלך?');
insert into messages (conversation_id, author, text) values (3, 'ענת', 'שדימיינתי את המצב הרצוי');
insert into messages (conversation_id, author, text) values (3, 'אלון', 'אז בואי תקחי את זה צעד אחד קדימה');
insert into messages (conversation_id, author, text) values (3, 'אלון', 'תתארי בכתב איך יראו החיים שלך');
insert into messages (conversation_id, author, text) values (3, 'אלון', 'כשתרגישי ראויה');
insert into messages (conversation_id, author, text) values (3, 'ענת', 'אוקיי');
insert into messages (conversation_id, author, text) values (3, 'אלון', 'שיעורי בית');
insert into messages (conversation_id, author, text) values (3, 'ענת', 'אחלה');
insert into messages (conversation_id, author, text) values (3, 'ענת', 'חפרנו');
insert into messages (conversation_id, author, text) values (3, 'אלון', 'היה כיף חיים');

-- a real conversation about career

insert into conversations (id, talker_name, listener_name, title, status)
values (4, 'תומר', 'אלון', 'אני מתלבט אם לקחת אחריות ולהיות מנהל', 'active');

insert into messages (conversation_id, author, text) values (4, 'תומר', 'אני בהתלבטות מאד קשה, ורוצה קצת שיקופים');
insert into messages (conversation_id, author, text) values (4, 'תומר', 'בעקבות הסדנה, בהמלצה של המאמנת, התחלתי קצת לכתוב דברים (ואני לא מתכוון לקוד)');
insert into messages (conversation_id, author, text) values (4, 'תומר', 'ופתאום שמתי לב שיש לי עניין לא פתור לגבי החלפת התפקיד שלי בעבודה');
insert into messages (conversation_id, author, text) values (4, 'אלון', '‫ואללה');
insert into messages (conversation_id, author, text) values (4, 'אלון', '‫מעניין');
insert into messages (conversation_id, author, text) values (4, 'תומר', 'ואני מאד מתלבט אם הרצון להחליף תפקיד נובע מרצון אמיתי להתנתק מתפקיד רשמי וניהולי ולהשתחרר מתכנון והערכות זמנים ואחריות, או...');
insert into messages (conversation_id, author, text) values (4, 'תומר', 'או שזה פשוט תירוץ לחשוב שאם רק אחליף תפקיד, הכל יהיה יותר טוב (ומושלם).');
insert into messages (conversation_id, author, text) values (4, 'אלון', '‫ומה יצא לך בכתיבה?');
insert into messages (conversation_id, author, text) values (4, 'תומר', 'זהו, השאלה עלתה, ועדיין אין תשובה. אבל יש לי הרגשה מאד חזקה שזה לא באמת יעשה שינוי משמעותי.');
insert into messages (conversation_id, author, text) values (4, 'אלון', '‫איזה שינוי אתה רוצה שיקרה?');
insert into messages (conversation_id, author, text) values (4, 'תומר', 'ובאותה מידה אני יכול להישאר בתפקיד, ולעשות אותו איך שאני חושב שצריך לעשות אותו.');
insert into messages (conversation_id, author, text) values (4, 'תומר', 'ההיפך: ראיתי המון הערכה על הכנות.');
insert into messages (conversation_id, author, text) values (4, 'אלון', '‫אני רוצה לחזור על שאלה שלי - מה אתה רוצה שיקרה?');
insert into messages (conversation_id, author, text) values (4, 'אלון', '‫הרי עשית את הצעד הזה בשביל להשיג משהו, מה זה?');
insert into messages (conversation_id, author, text) values (4, 'תומר', '(חושב)');
insert into messages (conversation_id, author, text) values (4, 'אלון', '‫רק אם תדע את התשובה, תוכל לדעת האם הצעד מקרב אותך לשם או לא..');
insert into messages (conversation_id, author, text) values (4, 'תומר', 'אני רוצה להרגיש טוב עם מה שאני עושה. אני לא רוצה לעשות דברים בשביל לרצות אף אחד.');
insert into messages (conversation_id, author, text) values (4, 'אלון', ':)');
insert into messages (conversation_id, author, text) values (4, 'אלון', '‫ואיך זה קשור למציאות בחוץ?');
insert into messages (conversation_id, author, text) values (4, 'תומר', 'לא רוצה לרצות את הבוס שלי, ולא את הקולגות שלי.');
insert into messages (conversation_id, author, text) values (4, 'תומר', 'ואני מספר לעצמי שהם מצפים ממני לעשות דברים באופן מסויים, לא כמו שאני חושב שצריך לעשות.');
insert into messages (conversation_id, author, text) values (4, 'תומר', 'ובנושא הטכני, יש לי ביטחון עצמי גבוה שאני יודע מה נכון');
insert into messages (conversation_id, author, text) values (4, 'אלון', '‫יצא לך לחשוב על איך היית רוצה לעשות את התפקיד בעולם מושלם?');
insert into messages (conversation_id, author, text) values (4, 'תומר', 'למרות שהיתה לי תקופה קשה גם בזה, כפי שסיפרתי לך');
insert into messages (conversation_id, author, text) values (4, 'אלון', '‫בלי ציפיות מאחרים ובלי רגשות אשם שלך?');
insert into messages (conversation_id, author, text) values (4, 'תומר', 'כן! בדיוק.');
insert into messages (conversation_id, author, text) values (4, 'אלון', '‫איך זה יראה?');
insert into messages (conversation_id, author, text) values (4, 'תומר', 'ובחודשים האחרונים אני מרגיש שאני עושה את התפקיד בצורה הכי טובה עד כה.');
insert into messages (conversation_id, author, text) values (4, 'תומר', 'לא עושה ישיבות עם האנשים פעם בשבוע "כי צריך"');
insert into messages (conversation_id, author, text) values (4, 'תומר', 'לא עושה תכניות עבודה "כי צריך"');
insert into messages (conversation_id, author, text) values (4, 'תומר', 'פשוט זורם');
insert into messages (conversation_id, author, text) values (4, 'אלון', '‫ומה הבעיה עם זה?');
insert into messages (conversation_id, author, text) values (4, 'תומר', 'זהו, שגיליתי שאין שום בעיה עם זה.');
insert into messages (conversation_id, author, text) values (4, 'תומר', 'להיפך');
insert into messages (conversation_id, author, text) values (4, 'תומר', 'פשוט האמנתי שאני לא מנהל טוב.');
insert into messages (conversation_id, author, text) values (4, 'תומר', 'אני זוכר ש*** ב****** התפלא מאד כשאמרתי לי שאני לא חושב שאני מתאים להיות ראש צוות');
insert into messages (conversation_id, author, text) values (4, 'תומר', 'הוא אמר שאני אחד הר"צ הכי טובים שלו');
insert into messages (conversation_id, author, text) values (4, 'תומר', 'אמרתי לעצמי שבוא סתם שקרן ורוצה שקט תעשייתי');
insert into messages (conversation_id, author, text) values (4, 'תומר', 'ואולי הוא לא שיקר');
insert into messages (conversation_id, author, text) values (4, 'אלון', '‫מתי הגעת למסקנה שאתה ראש צוות לא טוב?');
insert into messages (conversation_id, author, text) values (4, 'אלון', '‫זה היה לפני ****** אני מניח..');
insert into messages (conversation_id, author, text) values (4, 'תומר', 'נראה לי שזה גם שריד מ******.');
insert into messages (conversation_id, author, text) values (4, 'תומר', 'שם הייתי פשוט "לא טוב".');
insert into messages (conversation_id, author, text) values (4, 'אלון', '‫ואו.. הרבה זמן עבר מאז');
insert into messages (conversation_id, author, text) values (4, 'תומר', 'הייתי troublemaker');
insert into messages (conversation_id, author, text) values (4, 'אלון', '‫וזה בעיניך היום דבר לא טוב?');
insert into messages (conversation_id, author, text) values (4, 'תומר', 'ולא שיתפתי פעולה עם אנשים, כי ידעתי איך לעשות הכל "נכון" והם לא.');
insert into messages (conversation_id, author, text) values (4, 'תומר', 'היום אני חושב שלהיות troublemaker זה פשוט לא אפקטיבי.');
insert into messages (conversation_id, author, text) values (4, 'תומר', 'זה שוחק אותי ואת הסביבה');
insert into messages (conversation_id, author, text) values (4, 'תומר', 'ולא משיג תוצאות חוץ מתסכול משני הצדדים');
insert into messages (conversation_id, author, text) values (4, 'אלון', '‫נכון');
insert into messages (conversation_id, author, text) values (4, 'אלון', '‫ואתה גם לא רוצה להיות כנוע');
insert into messages (conversation_id, author, text) values (4, 'אלון', '‫ולעשות מה שאומרים לך ומה שמצפים ממך');
insert into messages (conversation_id, author, text) values (4, 'תומר', 'נכון.');
insert into messages (conversation_id, author, text) values (4, 'אלון', '‫והאמת איננה באמצע');
insert into messages (conversation_id, author, text) values (4, 'תומר', 'אבל עכשיו אני יכול לראות את הדברים דרך העיניים של אנשים אחרים');
insert into messages (conversation_id, author, text) values (4, 'תומר', 'ולהבין שאני יכול לעזור להם ולהרגיש טוב');
insert into messages (conversation_id, author, text) values (4, 'תומר', 'בלי לרצות אותם');
insert into messages (conversation_id, author, text) values (4, 'אלון', '‫ואו!');
insert into messages (conversation_id, author, text) values (4, 'תומר', 'זה קרה לי השבוע כמה פעמים בעבודה.');
insert into messages (conversation_id, author, text) values (4, 'אלון', '‫זה מטורף מה שאתה אומר');
insert into messages (conversation_id, author, text) values (4, 'אלון', '‫אז רגע');
insert into messages (conversation_id, author, text) values (4, 'תומר', 'וההרגשה היתה נפלאה, לעזור כי אני רוצה.');
insert into messages (conversation_id, author, text) values (4, 'אלון', '‫מה הבעיה?');
insert into messages (conversation_id, author, text) values (4, 'אלון', '‫אמרת שיש בעיה');
insert into messages (conversation_id, author, text) values (4, 'תומר', 'זהו שאין בעיה');
insert into messages (conversation_id, author, text) values (4, 'אלון', '‫אני לא רואה בעיה :)');
insert into messages (conversation_id, author, text) values (4, 'תומר', 'יש בעיה קטנה');
insert into messages (conversation_id, author, text) values (4, 'אלון', 'אוקיי..');
insert into messages (conversation_id, author, text) values (4, 'תומר', 'שאני חושש שאם אשאר בתפקיד, זה מתוך פחד של מה תהיה האלטרנטיבה');
insert into messages (conversation_id, author, text) values (4, 'תומר', 'כמו שהיה כשקיבלתי את התפקיד');
insert into messages (conversation_id, author, text) values (4, 'תומר', 'ולא מתוך רצון אמיתי');
insert into messages (conversation_id, author, text) values (4, 'תומר', 'ואת זה אני רוצה לחקור');
insert into messages (conversation_id, author, text) values (4, 'אלון', '‫ואתה מנסה להבין מהו רצון אמיתי ומהו פחד?');
insert into messages (conversation_id, author, text) values (4, 'תומר', 'בדיוק');
insert into messages (conversation_id, author, text) values (4, 'אלון', '‫אוקיי');
insert into messages (conversation_id, author, text) values (4, 'אלון', '‫למה לפעול מתוך פחד זה לא נכון?');
insert into messages (conversation_id, author, text) values (4, 'אלון', '‫זה בהכרח לא נכון?');
insert into messages (conversation_id, author, text) values (4, 'תומר', '*צוחק*');
insert into messages (conversation_id, author, text) values (4, 'אלון', ':)');
insert into messages (conversation_id, author, text) values (4, 'תומר', 'זה נראה לי כמו חולשה');
insert into messages (conversation_id, author, text) values (4, 'אלון', '‫אה..');
insert into messages (conversation_id, author, text) values (4, 'אלון', '‫ואתה לא יכול להפגין חולשה');
insert into messages (conversation_id, author, text) values (4, 'אלון', '‫או לנהוג בחולשה');
insert into messages (conversation_id, author, text) values (4, 'תומר', 'הממ...');
insert into messages (conversation_id, author, text) values (4, 'תומר', 'זה לא העניין');
insert into messages (conversation_id, author, text) values (4, 'אלון', '‫אוקיי..');
insert into messages (conversation_id, author, text) values (4, 'תומר', 'אין לי בעיה להפגין חולשה');
insert into messages (conversation_id, author, text) values (4, 'אלון', '‫נכון');
insert into messages (conversation_id, author, text) values (4, 'תומר', 'אבל אני רוצה להתגבר על החולשה, ולא לתת לה להכתיב את ההחלטה שלי');
insert into messages (conversation_id, author, text) values (4, 'אלון', '‫מה מפחיד אותך במצב שבו לא תהיה מנהל?');
insert into messages (conversation_id, author, text) values (4, 'אלון', '‫היום, איך שאתה?');
insert into messages (conversation_id, author, text) values (4, 'תומר', '(סלח לי דקה, הילדים צריכים משהו)');
insert into messages (conversation_id, author, text) values (4, 'אלון', '‫אין בעיה');
insert into messages (conversation_id, author, text) values (4, 'תומר', 'חזרתי');
insert into messages (conversation_id, author, text) values (4, 'אלון', '‫כן');
insert into messages (conversation_id, author, text) values (4, 'אלון', '‫אז מה מפחיד אותך?');
insert into messages (conversation_id, author, text) values (4, 'תומר', 'כמה דברים');
insert into messages (conversation_id, author, text) values (4, 'תומר', 'אחד, שיהיה לי מנהל שיהיה לי קשה לעבוד איתו, כי הוא ידרוש הרבה דברים או ייכנס לי לקרביים');
insert into messages (conversation_id, author, text) values (4, 'תומר', 'דבר שני, שאני אתעסק יותר מדי בפרטים טכניים ולא אהיה במרכז העניינים (שזה גם יתרון וגם חסרון)');
insert into messages (conversation_id, author, text) values (4, 'אלון', '‫אני רוצה לחזור רגע צעד אחורה');
insert into messages (conversation_id, author, text) values (4, 'אלון', '‫ברשותך');
insert into messages (conversation_id, author, text) values (4, 'אלון', '‫אתה יכול לתאר לי את המצב האידיאלי שבו הייתי רוצה לעבוד?');
insert into messages (conversation_id, author, text) values (4, 'אלון', '‫בלי הגדרות תפקיד, בלי גבולות, בלי ציפיות');
insert into messages (conversation_id, author, text) values (4, 'אלון', '‫רק מה שאתה רוצה');
insert into messages (conversation_id, author, text) values (4, 'תומר', 'אוקיי');
insert into messages (conversation_id, author, text) values (4, 'תומר', 'סביבה תומכת של אנשים שסומכים אחד על השני');
insert into messages (conversation_id, author, text) values (4, 'תומר', 'ללא צורך בלוחות זמנים או התחייבות לתאריכים');
insert into messages (conversation_id, author, text) values (4, 'תומר', 'עם הערכה ליצירתיות');
insert into messages (conversation_id, author, text) values (4, 'תומר', 'עם אפשרות לעשות מנטורינג לאנשים וללמד');
insert into messages (conversation_id, author, text) values (4, 'אלון', '‫אמרת משהו על להיות במרכז העניינים. זה גם חלק?');
insert into messages (conversation_id, author, text) values (4, 'תומר', 'ברור. אני נהנה מזה שמעריכים אותי, אולי אפילו מעריצים');
insert into messages (conversation_id, author, text) values (4, 'אלון', '‫כל הכבוד על הכנות');
insert into messages (conversation_id, author, text) values (4, 'אלון', '‫מותר לך לרצות שיעריצו אותך');
insert into messages (conversation_id, author, text) values (4, 'תומר', 'כן, גיליתי את זה כבר');
insert into messages (conversation_id, author, text) values (4, 'אלון', '‫אוקיי, מגניב, מה עוד?');
insert into messages (conversation_id, author, text) values (4, 'תומר', 'אני רוצה סביבה שמעריכה דברים שחשובים בעיני, ולא דברים שרירותיים כמו "עוד גרסה מטופשת"');
insert into messages (conversation_id, author, text) values (4, 'תומר', 'לעשות משהו שעוזר לאנשים, זה משמעותי.');
insert into messages (conversation_id, author, text) values (4, 'אלון', '‫אז מה שאתה אומר');
insert into messages (conversation_id, author, text) values (4, 'אלון', '‫הוא שאתה רוצה השפעה משמעותית על סביבת העבודה שלך');
insert into messages (conversation_id, author, text) values (4, 'אלון', '‫על האנשים שסביבך');
insert into messages (conversation_id, author, text) values (4, 'אלון', '‫אתה רוצה תקשורת טובה עם האנשים שאתה עובד איתם');
insert into messages (conversation_id, author, text) values (4, 'אלון', '‫ואתה רוצה חופש');
insert into messages (conversation_id, author, text) values (4, 'אלון', '‫חופש ליצור ולעבוד עם אנשים');
insert into messages (conversation_id, author, text) values (4, 'אלון', '‫נכון?');
insert into messages (conversation_id, author, text) values (4, 'תומר', 'נכון');
insert into messages (conversation_id, author, text) values (4, 'תומר', 'אבל אני מספר לעצמי שלמנהל אין "חופש"');
insert into messages (conversation_id, author, text) values (4, 'תומר', 'בגלל שהוא "אחראי"');
insert into messages (conversation_id, author, text) values (4, 'תומר', 'ואני מבין שזה לא נכון, אבל לא ברור לי מספיק איך זה');
insert into messages (conversation_id, author, text) values (4, 'אלון', '‫איך הצלחת להפוך את אחריות להיות ההפך מחופש?');
insert into messages (conversation_id, author, text) values (4, 'תומר', 'זהו, משהו אצלי תקוע בתחום הזה');
insert into messages (conversation_id, author, text) values (4, 'תומר', 'של בין אחריות לחופש');
insert into messages (conversation_id, author, text) values (4, 'תומר', 'רגשות האשם האלה, שחופש זה חוסר אחריות');
insert into messages (conversation_id, author, text) values (4, 'אלון', '‫מתי אחריות פוגעת בחופש?');
insert into messages (conversation_id, author, text) values (4, 'תומר', 'כשהיא מעיקה');
insert into messages (conversation_id, author, text) values (4, 'תומר', 'ולא באה מתוכי אלא מבחוץ');
insert into messages (conversation_id, author, text) values (4, 'אלון', '‫וכשאתה אומר האחריות מעיקה עלי, אתה אחראי או קורבן?');
insert into messages (conversation_id, author, text) values (4, 'תומר', 'ברור שקרבן');
insert into messages (conversation_id, author, text) values (4, 'אלון', '‫כשאתה אומר האחריות באה מבחוץ, אתה אחראי או קורבן?');
insert into messages (conversation_id, author, text) values (4, 'תומר', 'קרבן. אני יודע.');
insert into messages (conversation_id, author, text) values (4, 'אלון', '‫בראש');
insert into messages (conversation_id, author, text) values (4, 'אלון', '‫כן, זה קל בראש');
insert into messages (conversation_id, author, text) values (4, 'תומר', 'בדיוק!!');
insert into messages (conversation_id, author, text) values (4, 'תומר', 'אני לא מצליח להרגיש את זה.');
insert into messages (conversation_id, author, text) values (4, 'תומר', 'זה בדיוק העניין');
insert into messages (conversation_id, author, text) values (4, 'אלון', '‫אוקיי');
insert into messages (conversation_id, author, text) values (4, 'אלון', '‫לאט לאט');
insert into messages (conversation_id, author, text) values (4, 'אלון', '‫לא צריך לרוץ');
insert into messages (conversation_id, author, text) values (4, 'אלון', '‫זה משהו שיכול לקחת לו קצת זמן לנחות מהראש ללב');
insert into messages (conversation_id, author, text) values (4, 'אלון', '‫תנשום רגע');
insert into messages (conversation_id, author, text) values (4, 'אלון', '‫קח נשימה עמוקה');
insert into messages (conversation_id, author, text) values (4, 'תומר', 'זה ממש כאילו אתה לידי');
insert into messages (conversation_id, author, text) values (4, 'אלון', '‫יחד עם הצמרמורות :)');
insert into messages (conversation_id, author, text) values (4, 'אלון', '‫אתה רוצה להביא את התובנה בכוח');
insert into messages (conversation_id, author, text) values (4, 'אלון', '‫כי אתה יודע איזו תובנה אתה רוצה להביא');
insert into messages (conversation_id, author, text) values (4, 'אלון', '‫אבל זה לא עובד ככה');
insert into messages (conversation_id, author, text) values (4, 'אלון', '‫לצערינו, אנשי הראש');
insert into messages (conversation_id, author, text) values (4, 'תומר', 'ממש ככה');
insert into messages (conversation_id, author, text) values (4, 'אלון', '‫אני רוצה לתת לך תרגיל אם בא לך');
insert into messages (conversation_id, author, text) values (4, 'תומר', 'טוב');
insert into messages (conversation_id, author, text) values (4, 'אלון', '‫בדרך כלל כשאנחנו מתלבטים בין שתי אפשרויות, אנחנו חושבים על זה כצומת');
insert into messages (conversation_id, author, text) values (4, 'אלון', '‫אבל בעצם זה יותר דומה לירידה ממחלף');
insert into messages (conversation_id, author, text) values (4, 'אלון', '‫יש דרך אחת שהיא דיפולט');
insert into messages (conversation_id, author, text) values (4, 'אלון', '‫ואחרת שאותה אנחנו יכולים לקחת אם נבחר');
insert into messages (conversation_id, author, text) values (4, 'תומר', 'מאד מתחבר לזה');
insert into messages (conversation_id, author, text) values (4, 'אלון', '‫מה ברירת המחדל שלך כרגע בהקשר הזה?');
insert into messages (conversation_id, author, text) values (4, 'אלון', '‫זה לא פשוט..');
insert into messages (conversation_id, author, text) values (4, 'תומר', 'זו שאלה טובה');
insert into messages (conversation_id, author, text) values (4, 'תומר', 'כי אני יכול לנמק לשני כיוונים');
insert into messages (conversation_id, author, text) values (4, 'אלון', '‫אוקיי, נשים את זה בצד לרגע');
insert into messages (conversation_id, author, text) values (4, 'אלון', '‫הרעיון של התרגיל הוא להתחייס ברצינות לכל אחת מהאפשרויות');
insert into messages (conversation_id, author, text) values (4, 'אלון', '‫זה כמו בעד / נגד');
insert into messages (conversation_id, author, text) values (4, 'אלון', '‫*נגד');
insert into messages (conversation_id, author, text) values (4, 'אלון', '‫אבל אני אוהב את המונחים מחירים / תמורות');
insert into messages (conversation_id, author, text) values (4, 'אלון', '‫עבור כל אחת מהאפשרויות עושים טבלה עם שתי עמודות');
insert into messages (conversation_id, author, text) values (4, 'אלון', '‫מחירים בצד אחד');
insert into messages (conversation_id, author, text) values (4, 'אלון', '‫תמורות בצד השני');
insert into messages (conversation_id, author, text) values (4, 'אלון', '‫בשונה מבעד ונגד, מחירים ותמורות מאפשרים להתייחס לעניינים רגשיים');
insert into messages (conversation_id, author, text) values (4, 'אלון', '‫אין פה שום דבר אובייקטיבי');
insert into messages (conversation_id, author, text) values (4, 'אלון', '‫לפחדים, חששות, ציפיות, אכזבות - לכל הדברים האלה יש מקום בשתי הטבלאות');
insert into messages (conversation_id, author, text) values (4, 'תומר', 'אני מבין');
insert into messages (conversation_id, author, text) values (4, 'אלון', '‫כשתמלא את הטבלאות, תסמן בכל עמודה את הדבר הכי חשוב שם');
insert into messages (conversation_id, author, text) values (4, 'אלון', '‫את התמורה הכי גדולה ללהיות מנהל');
insert into messages (conversation_id, author, text) values (4, 'אלון', '‫את המחיר הכי גדול');
insert into messages (conversation_id, author, text) values (4, 'אלון', '‫וכו''');
insert into messages (conversation_id, author, text) values (4, 'תומר', 'חשבתי על טבלה, אבל לא ידעתי איזו. זה עוזר.');
insert into messages (conversation_id, author, text) values (4, 'אלון', '‫זה אמור לעזור לך להתפקס על מה שאתה מרגיש');
insert into messages (conversation_id, author, text) values (4, 'אלון', '‫יכול להיות יווצר מצב שבו שתי האפשרויות לא טובות');
insert into messages (conversation_id, author, text) values (4, 'אלון', '‫זה רק מצביע על כך שצריך לחפש פתרונות אחרים :)');
insert into messages (conversation_id, author, text) values (4, 'תומר', 'אוקיי');
insert into messages (conversation_id, author, text) values (4, 'תומר', 'אני הולך לעבוד על זה');
insert into messages (conversation_id, author, text) values (4, 'אלון', '‫אל תשכח לנשום');
insert into messages (conversation_id, author, text) values (4, 'אלון', '‫זה לא דחוף ברמת הדקות');
insert into messages (conversation_id, author, text) values (4, 'תומר', 'תודה');
insert into messages (conversation_id, author, text) values (4, 'אלון', '‫ואני פה אם אתה צריך אותי');
insert into messages (conversation_id, author, text) values (4, 'תומר', 'תודה על ההקשבה');

commit;

.quit